<application>
  <component name="VSTSSettings">
    <option name="serverContexts">
      <array>
        <ServerContextState>
          <option name="type" value="VSO_DEPLOYMENT" />
          <option name="uri" value="https://app.vssps.visualstudio.com" />
          <option name="serverUri" value="https://app.vssps.visualstudio.com" />
          <option name="userId" value="e34fbda6-170b-6b60-8c81-d79661bf2397" />
          <option name="teamProjectCollectionReference" value="{&quot;id&quot;:null,&quot;name&quot;:null,&quot;url&quot;:null}" />
          <option name="teamProjectReference" value="{&quot;abbreviation&quot;:null,&quot;description&quot;:null,&quot;id&quot;:null,&quot;name&quot;:null,&quot;revision&quot;:0,&quot;state&quot;:null,&quot;url&quot;:null}" />
        </ServerContextState>
        <ServerContextState>
          <option name="type" value="VSO" />
          <option name="uri" value="https://iomer.visualstudio.com/DefaultCollection/AEDARSA/_git/OneX" />
          <option name="serverUri" value="https://iomer.visualstudio.com" />
          <option name="userId" value="e34fbda6-170b-6b60-8c81-d79661bf2397" />
          <option name="teamProjectCollectionReference" value="{&quot;id&quot;:&quot;be050e10-883b-41ce-81ee-7e3a13442165&quot;,&quot;name&quot;:&quot;iomer&quot;,&quot;url&quot;:&quot;https://iomer.visualstudio.com/_apis/projectCollections/be050e10-883b-41ce-81ee-7e3a13442165&quot;}" />
          <option name="teamProjectReference" value="{&quot;abbreviation&quot;:null,&quot;description&quot;:&quot;Alberta Elevating Devices &amp; Amusement Rides Safety Association.\nhttp://www.aedarsa.com/&quot;,&quot;id&quot;:&quot;8ef87120-02ff-4d1d-99fe-b58af1427fad&quot;,&quot;name&quot;:&quot;AEDARSA&quot;,&quot;revision&quot;:455342413,&quot;state&quot;:&quot;WELL_FORMED&quot;,&quot;url&quot;:&quot;https://iomer.visualstudio.com/_apis/projects/8ef87120-02ff-4d1d-99fe-b58af1427fad&quot;}" />
          <option name="gitRepository" value="{&quot;defaultBranch&quot;:&quot;refs/heads/dev&quot;,&quot;id&quot;:&quot;03480bf7-a663-4b24-97cd-f22b7e65f34c&quot;,&quot;name&quot;:&quot;OneX&quot;,&quot;remoteUrl&quot;:&quot;https://iomer.visualstudio.com/DefaultCollection/AEDARSA/_git/OneX&quot;,&quot;url&quot;:&quot;https://iomer.visualstudio.com/8ef87120-02ff-4d1d-99fe-b58af1427fad/_apis/git/repositories/03480bf7-a663-4b24-97cd-f22b7e65f34c&quot;,&quot;project&quot;:{&quot;abbreviation&quot;:null,&quot;description&quot;:&quot;Alberta Elevating Devices &amp; Amusement Rides Safety Association.\nhttp://www.aedarsa.com/&quot;,&quot;id&quot;:&quot;8ef87120-02ff-4d1d-99fe-b58af1427fad&quot;,&quot;name&quot;:&quot;AEDARSA&quot;,&quot;revision&quot;:455342413,&quot;state&quot;:&quot;WELL_FORMED&quot;,&quot;url&quot;:&quot;https://iomer.visualstudio.com/_apis/projects/8ef87120-02ff-4d1d-99fe-b58af1427fad&quot;},&quot;_links&quot;:null}" />
        </ServerContextState>
      </array>
    </option>
    <option name="properties">
      <array>
        <PropertyState>
          <option name="name" value="repoRoot" />
          <option name="value" value="G:\Devel" />
        </PropertyState>
        <PropertyState>
          <option name="name" value="lastContextKey" />
          <option name="value" value="//iomer.visualstudio.com/defaultcollection/aedarsa/_git/onex" />
        </PropertyState>
      </array>
    </option>
  </component>
</application>