<keymap version="1" name="Visual Studio copy" parent="Visual Studio">
  <action id="$Cut">
    <keyboard-shortcut first-keystroke="ctrl x" />
    <keyboard-shortcut first-keystroke="shift delete" />
  </action>
  <action id="EditorCut">
    <keyboard-shortcut first-keystroke="ctrl x" />
    <keyboard-shortcut first-keystroke="shift delete" />
  </action>
  <action id="EditorSelectWord">
    <keyboard-shortcut first-keystroke="ctrl alt right" />
  </action>
  <action id="FileChooser.TogglePathShowing" />
  <action id="GotoChangedFile" />
  <action id="GotoFile">
    <keyboard-shortcut first-keystroke="ctrl p" />
  </action>
  <action id="MoveTabRight">
    <keyboard-shortcut first-keystroke="ctrl w" second-keystroke="ctrl l" />
  </action>
  <action id="NextTab">
    <keyboard-shortcut first-keystroke="ctrl l" />
  </action>
  <action id="ParameterInfo.GoToPreviousSignature" />
  <action id="Pause">
    <keyboard-shortcut first-keystroke="ctrl pause" />
  </action>
  <action id="PreviousTab">
    <keyboard-shortcut first-keystroke="ctrl h" />
  </action>
  <action id="Print" />
  <action id="Replace" />
  <action id="RiderUnitTestRunSolutionTwAction" />
  <action id="SearchEverywhere">
    <keyboard-shortcut first-keystroke="shift ctrl p" />
  </action>
  <action id="ShowBookmarks" />
  <action id="ShowExecutionPoint">
    <keyboard-shortcut first-keystroke="alt multiply" />
  </action>
</keymap>